Workbook
Name anzMonate: #REF!
Name dat_bis: #REF!
Name dat_von: #REF!
Name endDat: #REF!
Name faktor: #REF!
Name praefix: [1]Einstellungen!$V$4
Name prefix: #REF!
Name startDat: #REF!

Sheet Datetime
A2: Zeitstempel 0h15
A3: =DATE(MID(Zeitreihen0h15!A2,7,4),MID(Zeitreihen0h15!A2,4,2),LEFT(Zeitreihen0h15!A2,2))+TIME(MID(Zeitreihen0h15!A2,12,2),RIGHT(Zeitreihen0h15!A2,2),0) -> 45658
A4: =DATE(MID(Zeitreihen0h15!A3,7,4),MID(Zeitreihen0h15!A3,4,2),LEFT(Zeitreihen0h15!A3,2))+TIME(MID(Zeitreihen0h15!A3,12,2),RIGHT(Zeitreihen0h15!A3,2),0) -> 45658.01
A5: =DATE(MID(Zeitreihen0h15!A4,7,4),MID(Zeitreihen0h15!A4,4,2),LEFT(Zeitreihen0h15!A4,2))+TIME(MID(Zeitreihen0h15!A4,12,2),RIGHT(Zeitreihen0h15!A4,2),0) -> 45658.021
A6: =DATE(MID(Zeitreihen0h15!A5,7,4),MID(Zeitreihen0h15!A5,4,2),LEFT(Zeitreihen0h15!A5,2))+TIME(MID(Zeitreihen0h15!A5,12,2),RIGHT(Zeitreihen0h15!A5,2),0) -> 45658.031
A7: =DATE(MID(Zeitreihen0h15!A6,7,4),MID(Zeitreihen0h15!A6,4,2),LEFT(Zeitreihen0h15!A6,2))+TIME(MID(Zeitreihen0h15!A6,12,2),RIGHT(Zeitreihen0h15!A6,2),0) -> 45658.042
A8: =DATE(MID(Zeitreihen0h15!A7,7,4),MID(Zeitreihen0h15!A7,4,2),LEFT(Zeitreihen0h15!A7,2))+TIME(MID(Zeitreihen0h15!A7,12,2),RIGHT(Zeitreihen0h15!A7,2),0) -> 45658.052
A9: =DATE(MID(Zeitreihen0h15!A8,7,4),MID(Zeitreihen0h15!A8,4,2),LEFT(Zeitreihen0h15!A8,2))+TIME(MID(Zeitreihen0h15!A8,12,2),RIGHT(Zeitreihen0h15!A8,2),0) -> 45658.062
A10: =DATE(MID(Zeitreihen0h15!A9,7,4),MID(Zeitreihen0h15!A9,4,2),LEFT(Zeitreihen0h15!A9,2))+TIME(MID(Zeitreihen0h15!A9,12,2),RIGHT(Zeitreihen0h15!A9,2),0) -> 45658.073
A11: =DATE(MID(Zeitreihen0h15!A10,7,4),MID(Zeitreihen0h15!A10,4,2),LEFT(Zeitreihen0h15!A10,2))+TIME(MID(Zeitreihen0h15!A10,12,2),RIGHT(Zeitreihen0h15!A10,2),0) -> 45658.083
A12: =DATE(MID(Zeitreihen0h15!A11,7,4),MID(Zeitreihen0h15!A11,4,2),LEFT(Zeitreihen0h15!A11,2))+TIME(MID(Zeitreihen0h15!A11,12,2),RIGHT(Zeitreihen0h15!A11,2),0) -> 45658.094
A13: =DATE(MID(Zeitreihen0h15!A12,7,4),MID(Zeitreihen0h15!A12,4,2),LEFT(Zeitreihen0h15!A12,2))+TIME(MID(Zeitreihen0h15!A12,12,2),RIGHT(Zeitreihen0h15!A12,2),0) -> 45658.104
A14: =DATE(MID(Zeitreihen0h15!A13,7,4),MID(Zeitreihen0h15!A13,4,2),LEFT(Zeitreihen0h15!A13,2))+TIME(MID(Zeitreihen0h15!A13,12,2),RIGHT(Zeitreihen0h15!A13,2),0) -> 45658.115
... A35138: =DATE(MID(Zeitreihen0h15!A35137,7,4),MID(Zeitreihen0h15!A35137,4,2),LEFT(Zeitreihen0h15!A35137,2))+TIME(MID(Zeitreihen0h15!A35137,12,2),RIGHT(Zeitreihen0h15!A35137,2),0) -> #VALUE!

Sheet Zeitreihen0h15
A1: Zeitstempel | B1: produced_energy_kWh
A2: 01.01.2025 00:00 | B2: 1346483.7
A3: 01.01.2025 00:15 | B3: 1336186.1
A4: 01.01.2025 00:30 | B4: 1318337.9
A5: 01.01.2025 00:45 | B5: 1311443.2
A6: 01.01.2025 01:00 | B6: 1258020.8
A7: 01.01.2025 01:15 | B7: 1218513.2
A8: 01.01.2025 01:30 | B8: 1227292.8
A9: 01.01.2025 01:45 | B9: 1220434.8
A10: 01.01.2025 02:00 | B10: 1248840.2
A11: 01.01.2025 02:15 | B11: 1230105.4
A12: 01.01.2025 02:30 | B12: 1223389.5
A13: 01.01.2025 02:45 | B13: 1213278.1
... A35041: 31.12.2025 23:45 | B35041: 930382.54
